"Post Title","Post Description","Posted User","Posted Date"
"ဝူဟန်မြို့ရှိ မြန်မာကျောင်းသားများ ပြန်လည်ခေါ်ယူရေး အခက်အခဲရှိနေ","ဝူဟန်မြို့ရှိ မြန်မာကျောင်းသားများကို ပြန်လည်ခေါ်ယူရန် အခက်အခဲရှိနေပြီး အထူးလေယာဉ်စေလွှတ် ခေါ်ယူရ သည်အထိ အခြေအနေဆိုးရွား ခြင်းမရှိဟု တရုတ်အစိုးရက ယမန်နေ့တွင်ပြောကြားကြောင်း နိုင်ငံခြားရေးဝန်ကြီးဌာန အမြဲတမ်း အတွင်းဝန် ဦးစိုးဟန်က ပြော သည်။","admin","2020-01-28 07:17:26"
"Local Registration in a Module System","If you’re still here, then it’s likely you’re using a module system, such as with Babel and Webpack. In these cases, we recommend creating a components directory, with each component in its own file.","HMA","2020-01-29 09:56:10"
"Local Registration","Global registration often isn’t ideal. For example, if you’re using a build system like Webpack, globally registering all components means that even if you stop using a component, it could still be included in your final build.","Si Thu Phyo","2020-01-29 07:43:38"
"Instance Lifecycle Hooks","Each Vue instance goes through a series of initialization steps when it’s created - for example, it needs to set up data observation, compile the template, mount the instance to the DOM, and update the DOM when data changes.","admin","2020-01-23 02:07:31"
"Relation to Custom Elements","You may have noticed that Vue components are very similar to Custom Elements, which are part of the Web Components Spec. That’s because Vue’s component syntax is loosely modeled after the spec.","admin","2020-01-23 02:07:31"
"Composing with Components","The component system is another important concept in Vue, because it’s an abstraction that allows us to build large-scale applications composed of small, self-contained, and often reusable components.","Aung Aung","2020-01-27 07:15:47"
"structure of the DOM","This example demonstrates that we can bind data to not only text and attributes, but also the structure of the DOM.","admin","2020-01-23 02:07:31"
"Flash & Redirect","Since you often will want to flash input in association with a redirect to the previous page, you may easily chain input flashing onto a redirect.","admin","2020-01-27 09:39:31"
"Become a Laravel Partner","Laravel Partners are elite shops providing top-notch Laravel development and consulting. Each of our partners can help you craft a beautiful, well-architected project.","admin","2020-01-27 09:34:12"
"Retrieving JSON Input Values","When using dynamic properties, Laravel will first look for the parameter's value in the request payload. If it is not present, Laravel will search for the field in the route parameters.","Aung Aung","2020-01-27 07:35:04"
"Cookies","All cookies created by the Laravel framework are encrypted and signed with an authentication code, meaning they will be considered invalid if they have been changed by the client.","Aung Aung","2020-01-27 07:32:49"
"Laravel Form Request Validations","In this article, we will discuss how Laravel Form Request Validations works. I think, No need to describe the features of Laravel. Because we know very well.","Aung Aung","2020-01-27 07:14:39"
"Lazy Collections","For example, imagine your application needs to process a multi-gigabyte log file while taking advantage of Laravel's collection methods to parse the logs.","admin","2020-01-27 04:44:26"
"Validation Logic","If the validation rules pass, your code will keep executing normally; however, if validation fails, an exception will be thrown and the proper error response will automatically be sent back to the user.","admin","2020-01-23 01:47:44"
"Hello World","In web applications, one of the most common use-cases for storing files is storing user uploaded files such as profile pictures, photos, and documents. Laravel makes it very easy to store uploaded files","Chris Norman","2020-01-22 09:17:43"
"}o{u}eipsum","Lorem ipsum dolor sit amet consectetur adipisicing elit.","Chris Norman","2020-01-22 09:13:03"
"ooyweveniam adipisci","Omnis veniam adipisci, autem expedita nulla, similique voluptatum eum accusantium illum quasi exercitationem tenetur delectus at impedit doloremque reiciendis perferendis consequatur aperiam?","Chris Norman","2020-01-22 09:13:03"
"uo{uuuitle","Post Description","Chris Norman","2020-01-22 09:13:03"
"}om}eWorld","In web applications, one of the most common use-cases for storing files is storing user uploaded files such as profile pictures, photos, and documents. Laravel makes it very easy to store uploaded files","Chris Norman","2020-01-22 09:12:10"
"Hello World","In web applications, one of the most common use-cases for storing files is storing user uploaded files such as profile pictures, photos, and documents. Laravel makes it very easy to store uploaded files","Chris Norman","2020-01-22 09:09:30"
"Hello World","In web applications, one of the most common use-cases for storing files is storing user uploaded files such as profile pictures, photos, and documents. Laravel makes it very easy to store uploaded files","Chris Norman","2020-01-22 09:07:55"
"Hello World","In web applications, one of the most common use-cases for storing files is storing user uploaded files such as profile pictures, photos, and documents. Laravel makes it very easy to store uploaded files","Chris Norman","2020-01-22 09:00:22"
"Omnis veniam adipisci","Omnis veniam adipisci, autem expedita nulla, similique voluptatum eum accusantium illum quasi exercitationem tenetur delectus at impedit doloremque reiciendis perferendis consequatur aperiam?","Chris Norman","2020-01-22 08:59:35"
"Lorem ipsum","Lorem ipsum dolor sit amet consectetur adipisicing elit.","Chris Norman","2020-01-22 08:59:35"
"Post Title","Post Description","Chris Norman","2020-01-22 08:59:34"
"OJT Project","SCM Bulletin Board","Chris Norman","2020-01-22 08:54:00"
"OJT","Wireframe, Template and Responsive Template","Chris Norman","2020-01-22 08:54:00"
"Project","Bulletin","Chris Norman","2020-01-22 08:54:00"
"Lazy Collections","For example, imagine your application needs to process a multi-gigabyte log file while taking advantage of Laravel's collection methods to parse the logs.","Chris Norman","2020-01-22 08:02:44"
"Lorem ipsum","Lorem ipsum dolor sit amet consectetur adipisicing elit.","Chris Norman","2020-01-22 07:50:59"
"Omnis veniam adipisci","Omnis veniam adipisci, autem expedita nulla, similique voluptatum eum accusantium illum quasi exercitationem tenetur delectus at impedit doloremque reiciendis perferendis consequatur aperiam?","Chris Norman","2020-01-22 07:50:59"
"Post Title","Post Description","Chris Norman","2020-01-22 07:50:58"
"Input Descriptions","Artisan is the command-line interface included with Laravel. It provides a number of helpful commands that can assist you while you build your application.","Sai Sai","2020-01-21 09:12:34"
"File Uploads","the most common use-cases for storing files is storing user uploaded files such as profile pictures, photos, and documents.","admin","2020-01-21 08:47:53"
"web applications","In web applications, one of the most common use-cases for storing files is storing user uploaded files such as profile pictures, photos, and documents. Laravel makes it very easy to store uploaded files","admin","2020-01-21 10:56:52"
"unique","The data and the DOM are now linked, and everything is now reactive.","admin","2020-01-21 04:53:11"
"Development vs. Production Mode","If you still wish to use the full build instead, you need to configure an alias in your bundler:","admin","2020-01-22 02:23:17"
"Lazy Collections","For example, imagine your application needs to process a multi-gigabyte log file while taking advantage of Laravel's collection methods to parse the logs.","Sai Sai","2020-01-21 09:14:21"
"Command Whitelist","Tinker utilizes a white-list to determine which Artisan commands are allowed to be run within its shell.","Sai Sai","2020-01-21 09:13:44"
"A D D DDDD","The data and the DOM are now linked, and everything is now reactive.","admin","2020-01-21 08:43:42"
"A D D DDDD","The data and the DOM are now linked, and everything is now reactive.","admin","2020-01-21 08:23:42"
"Handling User Input","The data and the DOM are now linked, and everything is now reactive.","admin","2020-01-21 07:11:09"
"Handling User Input","The data and the DOM are now linked, and everything is now reactive.","admin","2020-01-21 05:06:34"
"Handling User Input","The data and the DOM are now linked, and everything is now reactive.","admin","2020-01-21 03:44:50"
"Project","Bulletin","Aung Aung","2020-01-20 07:12:38"
"Declarative Rendering","At the core of Vue.js is a system that enables us to declaratively render data to the DOM using straightforward template syntax:","Chris Norman","2020-01-20 10:25:08"
"Lazy Collections","For example, imagine your application needs to process a multi-gigabyte log file while taking advantage of Laravel's collection methods to parse the logs.","Chris Norman","2020-01-20 10:33:41"
"Job Middleware","In previous releases of Laravel, it was difficult to retrieve and expose custom authorization messages to end users. ","admin","2020-01-20 10:22:40"
"Improved Authorization Responses","In previous releases of Laravel, it was difficult to retrieve and expose custom authorization messages to end users. ","admin","2020-01-20 10:19:33"
"Hello SI THU PHYO","Testing","Chris Norman","2020-01-20 09:42:45"
"TEST Import","Testing","Chris Norman","2020-01-20 09:38:53"
"Hello CSV","Testing","Chris Norman","2020-01-20 09:38:41"
"Import csv","Testing","Chris Norman","2020-01-20 09:38:40"
"Support Policy","For LTS releases, such as Laravel 6, bug fixes are provided for 2 years and security fixes are provided for 3 years. These releases provide the longest window of support and maintenance.","Chris Norman","2020-01-20 07:28:48"
"Validation / Storage Customization","To modify the form fields that are required when a new user registers with your application, or to customize how new users are stored into your database","admin","2020-01-20 07:20:14"
"Path Customization","Now that you have routes and views setup for the included authentication controllers, you are ready to register and authenticate new users for your application!","admin","2020-01-20 07:19:49"
"Want to get started fast?","Laravel makes implementing authentication very simple. In fact, almost everything is configured for you out of the box.","admin","2020-01-20 07:19:09"
"OJT","Wireframe, Template and Responsive Template","Aung Aung","2020-01-20 07:13:25"
"OJT Project","SCM Bulletin Board","Aung Aung","2020-01-20 07:12:22"
"Lorem ipsum","Lorem ipsum dolor sit amet consectetur adipisicing elit.","Marry","2020-01-20 07:11:37"
"Omnis veniam adipisci","Omnis veniam adipisci, autem expedita nulla, similique voluptatum eum accusantium illum quasi exercitationem tenetur delectus at impedit doloremque reiciendis perferendis consequatur aperiam?","Marry","2020-01-20 07:11:11"
"SCM","Seattle Consulting Myanmar","Si Thu Phyo","2020-01-20 07:07:54"
"Hello","Hello World","Si Thu Phyo","2020-01-20 07:06:49"
"Test","Test","admin","2020-01-20 07:05:03"
